{"B_labx": 179.81649072882956, "B_laby": 71.779521970804, "B_labz": 35.5404648322297, "glor": 10.11096731690852, "D": 2868.158035098799, "Mz1": 1.67, "Mz2": 1.77, "Mz3": 1.83, "Mz4": 2.04, "fraction": 0.9999999842490248}