{"B_labx": 179.79310595532112, "B_laby": 71.73158612703669, "B_labz": 35.69975775749488, "glor": 13.463578302824786, "D": 2870.0, "Mz1": 1.559157412439287, "Mz2": 1.6103493393384465, "Mz3": 1.601992249643791, "Mz4": 1.935455754867501, "fraction": 0.6763723285565221}