{"B_labx": 179.93964890896393, "B_laby": 71.81200112589153, "B_labz": 35.67001639165686, "glor": 13.689452640679148, "D": 2869.948804052042, "Mz1": 1.67, "Mz2": 1.77, "Mz3": 1.83, "Mz4": 2.04, "fraction": 0.585517701874787}