{"B_labx": 190.30416375334897, "B_laby": 76.05192834098355, "B_labz": 37.91572615710186, "glor": 5.466103533244124, "D": 2868.177367930943, "Mz1": 2.8437596693553697, "Mz2": 2.89543868892029, "Mz3": 2.95439317722839, "Mz4": 2.984992548337848}