{"B_labx": 178.0579465160275, "B_laby": 71.05578193041566, "B_labz": 35.26697731199076, "glor": 16.407946902065323, "D": 2870.0, "Mz1": 3.2424838384575096, "Mz2": 3.4061961645186436, "Mz3": 3.529274747530554, "Mz4": 3.727169073149758, "fraction": 0.579308115329132}