{"B_labx": 170.4775975598376, "B_laby": 88.39775870277795, "B_labz": 40.68663850410314, "glor": 3.9406629354098666, "D": 2867.9002031608716, "Mz1": 1.8607349079978057, "Mz2": 2.1508006357808505, "Mz3": 1.5293757160008532, "Mz4": 2.250212542060538}