{"B_labx": 169.1215219264617, "B_laby": 87.71808056729064, "B_labz": 40.398689643634576, "glor": 4.4413571805280885, "D": 2867.612751987357, "Mz1": 1.8590745274082607, "Mz2": 2.1625981441610023, "Mz3": 1.6660422665604973, "Mz4": 2.04334144847836}