{"B_labx": 180.1901795810745, "B_laby": 71.90484535147388, "B_labz": 35.75600875921783, "glor": 13.538798188352382, "D": 2870.0, "Mz1": 1.6115004361567706, "Mz2": 1.71736815420617, "Mz3": 1.835970264033886, "Mz4": 2.0008742167876186, "fraction": 0.5910689109634428}