{"B_labx": 179.22055186848297, "B_laby": 72.6322280206353, "B_labz": 36.79552837161128, "glor": 5.221343903852244, "D": 2872.188277070374, "Mz1": -2.279720693268823, "Mz2": -2.3830694493777624, "Mz3": -2.4184272809467213, "Mz4": -2.2912369408162183}