{"B_labx": 178.78363929414877, "B_laby": 71.31087492546165, "B_labz": 31.40392887581267, "glor": 16.798412392605705, "D": 2870.0, "Mz1": 3.518889890372039, "Mz2": 3.8818726799044523, "Mz3": 3.7781987637399865, "Mz4": 3.8018154970868334, "fraction": 0.7372858652004389}