{"B_labx": 162.9408257933343, "B_laby": 79.19400768763177, "B_labz": 39.898022875739805, "glor": 9.332938283525188, "D": 2857.037475610615, "Mz1": -2.1516076201006893, "Mz2": -6.569267016073739, "Mz3": -7.497701672845865, "Mz4": -6.24480991028652}