{"B_labx": 180.7848668592314, "B_laby": 72.14516627209184, "B_labz": 35.85866660917325, "glor": 13.550091626103242, "D": 2870.160490182922, "Mz1": 1.67, "Mz2": 1.77, "Mz3": 1.83, "Mz4": 2.04, "fraction": 0.5989761579507767}