{"B_labx": 191.13463971447305, "B_laby": 74.11653481228396, "B_labz": 37.88211429646293, "glor": 0.2574723086506109, "D": 2867.61, "Mz1": -0.9769050627957689, "Mz2": 4.054612704946942, "Mz3": 3.9205807090660336, "Mz4": -1.1772476314514115}