{"B_labx": 179.20428288804337, "B_laby": 71.54325373575206, "B_labz": 35.50418313581376, "glor": 13.505778856368527, "D": 2869.7351765174158, "Mz1": 1.67, "Mz2": 1.77, "Mz3": 1.83, "Mz4": 2.04, "fraction": 0.5762994732555341}