{"B_labx": 179.5285002434863, "B_laby": 71.66228379004484, "B_labz": 35.64991071783754, "glor": 13.308506466842637, "D": 2870.0, "Mz1": 1.5016781595560431, "Mz2": 1.5496327132717713, "Mz3": 1.662599273605112, "Mz4": 1.7539958988441118, "fraction": 0.7335105877885008}