{"B_labx": 179.01001076436103, "B_laby": 71.4524537170979, "B_labz": 35.43125490520338, "glor": 13.294401711403639, "D": 2869.7513178883482, "Mz1": 1.67, "Mz2": 1.77, "Mz3": 1.83, "Mz4": 2.04, "fraction": 0.6008233977907632}