{"B_labx": 178.76086101870797, "B_laby": 71.63342995642317, "B_labz": 35.57519868497765, "glor": 12.650206445633438, "D": 2870, "Mz1": 0.7490385243980846, "Mz2": 0.8006433874617045, "Mz3": 0.8841459292871505, "Mz4": 1.018721354046999, "fraction": 0.6761178894549569}