{"B_labx": 178.55593246339058, "B_laby": 71.28849833225411, "B_labz": 35.35616925476768, "glor": 13.307443769961028, "D": 2869.6499295537415, "Mz1": 1.67, "Mz2": 1.77, "Mz3": 1.83, "Mz4": 2.04, "fraction": 0.5111176588158021}