{"B_labx": 177.90661317129974, "B_laby": 70.99806824901012, "B_labz": 35.206849363206, "glor": 16.160897379230004, "D": 2870.0, "Mz1": 3.16274283023316, "Mz2": 3.338475238953526, "Mz3": 3.2331177529711486, "Mz4": 3.9569299943004417, "fraction": 0.5736366316225786}