{"B_labx": 178.44582280684335, "B_laby": 71.37654189110239, "B_labz": 35.60200435628313, "glor": 12.61379882320055, "D": 2870.0, "Mz1": 0.7072211625894802, "Mz2": 0.8637116408737775, "Mz3": 0.7476245063852218, "Mz4": 0.9708283438374501, "fraction": 0.5678642803352398}