{"B_labx": 179.4762898279037, "B_laby": 71.66059730665881, "B_labz": 35.56193416212166, "glor": 13.461600405202526, "D": 2869.866965928367, "Mz1": 1.67, "Mz2": 1.77, "Mz3": 1.83, "Mz4": 2.04, "fraction": 0.5710961271763838}