{"B_labx": 179.22090207055425, "B_laby": 72.63231837445628, "B_labz": 36.79552578636349, "glor": 5.221482746988205, "D": 2865.21607467595, "Mz1": 4.692147732935526, "Mz2": 4.589030465054149, "Mz3": 4.5506226779517895, "Mz4": 4.680181755465121}