{"B_labx": 179.2208302996692, "B_laby": 72.63239214912653, "B_labz": 36.795521941053934, "glor": 5.221485170338597, "D": 2865.332499910184, "Mz1": 4.575782526835447, "Mz2": 4.472662898829318, "Mz3": 4.434449032056712, "Mz4": 4.5640016097981135}