{"B_labx": 178.68454391477223, "B_laby": 71.5369750032219, "B_labz": 35.56744269537842, "glor": 5.5559518743616945, "D": 2870.0, "Mz1": 0.7666094699670047, "Mz2": 0.79657302924468, "Mz3": 0.7302449321402307, "Mz4": 0.8735769759092253}