{"B_labx": 179.45158104609237, "B_laby": 71.65037432425983, "B_labz": 35.55310943406784, "glor": 13.409266484245913, "D": 2869.8538035715455, "Mz1": 1.67, "Mz2": 1.77, "Mz3": 1.83, "Mz4": 2.04, "fraction": 0.6934142819278761}