{"B_labx": 190.30414322938717, "B_laby": 76.05191779912968, "B_labz": 37.915732918776676, "glor": 5.466101390605926, "D": 2867.61, "Mz1": 3.411262835037361, "Mz2": 3.462976074297334, "Mz3": 3.521907315495227, "Mz4": 3.5525441448767445}