{"B_labx": 178.28428234621708, "B_laby": 71.24232047284231, "B_labz": 35.3350223502765, "glor": 13.281513154158468, "D": 2870.0, "Mz1": 1.278180523641053, "Mz2": 1.361941627976135, "Mz3": 1.3578209880824854, "Mz4": 1.7159115914797525, "fraction": 0.5505914070152366}