{"B_labx": 179.29663917773254, "B_laby": 71.54969403744629, "B_labz": 35.4905939069361, "glor": 13.412321926145331, "D": 2869.7918447301563, "Mz1": 1.67, "Mz2": 1.77, "Mz3": 1.83, "Mz4": 2.04, "fraction": 0.5794467656471028}