{"B_labx": 178.7620904594084, "B_laby": 71.63863975153843, "B_labz": 35.574697386766886, "glor": 12.670319027226457, "D": 2870, "Mz1": 0.7347480326868467, "Mz2": 0.7961361273904082, "Mz3": 0.8847151199089094, "Mz4": 1.0130314512783976, "fraction": 0.6643108386200632}