{"B_labx": 157.091379379123, "B_laby": 87.71946624721573, "B_labz": 40.04919618706293, "glor": 4.876526420892658, "D": 2867.104602069557, "Mz1": -6.228151226810023, "Mz2": -9.399175980653435, "Mz3": 9.977301295356856, "Mz4": 2.3299212392663904}