{"alpha": 1.9626607183487732, "phi": 20.789077311199208, "theta": 179.4794019370279}