{"alpha": 1.9626607183487732, "phi": 20.572670996518816, "theta": 179.4794019370279}