{"alpha": 1.2157231827536243, "phi": 20.19042776868766, "theta": 178.28329949424085}