{"alpha": 87.34271435510534, "phi": 3.2800280875516754, "theta": 179.51519807708098}