{"alpha": 178.7831827431524, "phi": 71.189742571836, "theta": 178.28329949424085}