{"axis_rot1_0": -0.7692215564021682, "axis_rot1_1": -0.6389821571579491, "axis_rot1_2": 0.0, "angle": 3.115792252335359, "phi": 2.1075834855795197}