{"slope": [0.0007826239771925043, 0.0009039493509247832, 0.0010428497650549662], "intercept": [-0.003527443175143303, -0.008846942705030204, -0.009250214551616835]}