{"slope": [0.0007826239771925043, 0.000903949350924783, 0.0010428497650549658], "intercept": [-0.0035274431751433, -0.00884694270503021, -0.009250214551616825]}